"Cód.","Município","Ano","População"
"3300100","Angra dos Reis (RJ)",2015,188276
"3300100","Angra dos Reis (RJ)",2016,191504
"3300100","Angra dos Reis (RJ)",2017,194619
"3300100","Angra dos Reis (RJ)",2018,200407
"3300100","Angra dos Reis (RJ)",2019,203785
"3300100","Angra dos Reis (RJ)",2020,207044
"3300100","Angra dos Reis (RJ)",2021,210171
"3300100","Angra dos Reis (RJ)",2024,179120
"3300100","Angra dos Reis (RJ)",2025,179142
"3300159","Aperibé (RJ)",2015,11023
"3300159","Aperibé (RJ)",2016,11160
"3300159","Aperibé (RJ)",2017,11292
"3300159","Aperibé (RJ)",2018,11612
"3300159","Aperibé (RJ)",2019,11759
"3300159","Aperibé (RJ)",2020,11901
"3300159","Aperibé (RJ)",2021,12036
"3300159","Aperibé (RJ)",2024,11420
"3300159","Aperibé (RJ)",2025,11426
"3300209","Araruama (RJ)",2015,122865
"3300209","Araruama (RJ)",2016,124940
"3300209","Araruama (RJ)",2017,126742
"3300209","Araruama (RJ)",2018,130439
"3300209","Araruama (RJ)",2019,132400
"3300209","Araruama (RJ)",2020,134293
"3300209","Araruama (RJ)",2021,136109
"3300209","Araruama (RJ)",2024,137773
"3300209","Araruama (RJ)",2025,137906
"3300225","Areal (RJ)",2015,11970
"3300225","Areal (RJ)",2016,12058
"3300225","Areal (RJ)",2017,12143
"3300225","Areal (RJ)",2018,12471
"3300225","Areal (RJ)",2019,12572
"3300225","Areal (RJ)",2020,12669
"3300225","Areal (RJ)",2021,12763
"3300225","Areal (RJ)",2024,12236
"3300225","Areal (RJ)",2025,12239
"3300233","Armação dos Búzios (RJ)",2015,31067
"3300233","Armação dos Búzios (RJ)",2016,31674
"3300233","Armação dos Búzios (RJ)",2017,32260
"3300233","Armação dos Búzios (RJ)",2018,33240
"3300233","Armação dos Búzios (RJ)",2019,33870
"3300233","Armação dos Búzios (RJ)",2020,34477
"3300233","Armação dos Búzios (RJ)",2021,35060
"3300233","Armação dos Búzios (RJ)",2024,42442
"3300233","Armação dos Búzios (RJ)",2025,42527
"3300258","Arraial do Cabo (RJ)",2015,29097
"3300258","Arraial do Cabo (RJ)",2016,29077
"3300258","Arraial do Cabo (RJ)",2017,29304
"3300258","Arraial do Cabo (RJ)",2018,30096
"3300258","Arraial do Cabo (RJ)",2019,30349
"3300258","Arraial do Cabo (RJ)",2020,30593
"3300258","Arraial do Cabo (RJ)",2021,30827
"3300258","Arraial do Cabo (RJ)",2024,32794
"3300258","Arraial do Cabo (RJ)",2025,32822
"3300308","Barra do Piraí (RJ)",2015,96865
"3300308","Barra do Piraí (RJ)",2016,97152
"3300308","Barra do Piraí (RJ)",2017,97460
"3300308","Barra do Piraí (RJ)",2018,99969
"3300308","Barra do Piraí (RJ)",2019,100374
"3300308","Barra do Piraí (RJ)",2020,100764
"3300308","Barra do Piraí (RJ)",2021,101139
"3300308","Barra do Piraí (RJ)",2024,98501
"3300308","Barra do Piraí (RJ)",2025,98506
"3300407","Barra Mansa (RJ)",2015,179915
"3300407","Barra Mansa (RJ)",2016,180126
"3300407","Barra Mansa (RJ)",2017,179451
"3300407","Barra Mansa (RJ)",2018,183976
"3300407","Barra Mansa (RJ)",2019,184412
"3300407","Barra Mansa (RJ)",2020,184833
"3300407","Barra Mansa (RJ)",2021,185237
"3300407","Barra Mansa (RJ)",2024,181688
"3300407","Barra Mansa (RJ)",2025,181679
"3300456","Belford Roxo (RJ)",2015,481127
"3300456","Belford Roxo (RJ)",2016,494141
"3300456","Belford Roxo (RJ)",2017,495783
"3300456","Belford Roxo (RJ)",2018,508614
"3300456","Belford Roxo (RJ)",2019,510906
"3300456","Belford Roxo (RJ)",2020,513118
"3300456","Belford Roxo (RJ)",2021,515239
"3300456","Belford Roxo (RJ)",2024,518263
"3300456","Belford Roxo (RJ)",2025,518384
"3300506","Bom Jardim (RJ)",2015,26278
"3300506","Bom Jardim (RJ)",2016,26424
"3300506","Bom Jardim (RJ)",2017,26566
"3300506","Bom Jardim (RJ)",2018,27269
"3300506","Bom Jardim (RJ)",2019,27446
"3300506","Bom Jardim (RJ)",2020,27616
"3300506","Bom Jardim (RJ)",2021,27779
"3300506","Bom Jardim (RJ)",2024,29736
"3300506","Bom Jardim (RJ)",2025,29758
"3300605","Bom Jesus do Itabapoana (RJ)",2015,35964
"3300605","Bom Jesus do Itabapoana (RJ)",2016,36031
"3300605","Bom Jesus do Itabapoana (RJ)",2017,36068
"3300605","Bom Jesus do Itabapoana (RJ)",2018,36985
"3300605","Bom Jesus do Itabapoana (RJ)",2019,37096
"3300605","Bom Jesus do Itabapoana (RJ)",2020,37203
"3300605","Bom Jesus do Itabapoana (RJ)",2021,37306
"3300605","Bom Jesus do Itabapoana (RJ)",2024,37172
"3300605","Bom Jesus do Itabapoana (RJ)",2025,37176
"3300704","Cabo Frio (RJ)",2015,208451
"3300704","Cabo Frio (RJ)",2016,212289
"3300704","Cabo Frio (RJ)",2017,216030
"3300704","Cabo Frio (RJ)",2018,222528
"3300704","Cabo Frio (RJ)",2019,226525
"3300704","Cabo Frio (RJ)",2020,230378
"3300704","Cabo Frio (RJ)",2021,234077
"3300704","Cabo Frio (RJ)",2024,238166
"3300704","Cabo Frio (RJ)",2025,238438
"3300803","Cachoeiras de Macacu (RJ)",2015,56290
"3300803","Cachoeiras de Macacu (RJ)",2016,56603
"3300803","Cachoeiras de Macacu (RJ)",2017,57048
"3300803","Cachoeiras de Macacu (RJ)",2018,58560
"3300803","Cachoeiras de Macacu (RJ)",2019,58937
"3300803","Cachoeiras de Macacu (RJ)",2020,59303
"3300803","Cachoeiras de Macacu (RJ)",2021,59652
"3300803","Cachoeiras de Macacu (RJ)",2024,59837
"3300803","Cachoeiras de Macacu (RJ)",2025,59861
"3300902","Cambuci (RJ)",2015,14836
"3300902","Cambuci (RJ)",2016,14824
"3300902","Cambuci (RJ)",2017,15124
"3300902","Cambuci (RJ)",2018,15496
"3300902","Cambuci (RJ)",2019,15505
"3300902","Cambuci (RJ)",2020,15514
"3300902","Cambuci (RJ)",2021,15521
"3300902","Cambuci (RJ)",2024,15070
"3300902","Cambuci (RJ)",2025,15069
"3300936","Carapebus (RJ)",2015,15008
"3300936","Carapebus (RJ)",2016,15293
"3300936","Carapebus (RJ)",2017,15568
"3300936","Carapebus (RJ)",2018,16039
"3300936","Carapebus (RJ)",2019,16301
"3300936","Carapebus (RJ)",2020,16586
"3300936","Carapebus (RJ)",2021,16859
"3300936","Carapebus (RJ)",2024,14325
"3300936","Carapebus (RJ)",2025,14329
"3300951","Comendador Levy Gasparian (RJ)",2015,8250
"3300951","Comendador Levy Gasparian (RJ)",2016,8255
"3300951","Comendador Levy Gasparian (RJ)",2017,8336
"3300951","Comendador Levy Gasparian (RJ)",2018,8544
"3300951","Comendador Levy Gasparian (RJ)",2019,8561
"3300951","Comendador Levy Gasparian (RJ)",2020,8576
"3300951","Comendador Levy Gasparian (RJ)",2021,8590
"3300951","Comendador Levy Gasparian (RJ)",2024,9044
"3300951","Comendador Levy Gasparian (RJ)",2025,9048
"3301009","Campos dos Goytacazes (RJ)",2015,483970
"3301009","Campos dos Goytacazes (RJ)",2016,487186
"3301009","Campos dos Goytacazes (RJ)",2017,490288
"3301009","Campos dos Goytacazes (RJ)",2018,503424
"3301009","Campos dos Goytacazes (RJ)",2019,507548
"3301009","Campos dos Goytacazes (RJ)",2020,511168
"3301009","Campos dos Goytacazes (RJ)",2021,514643
"3301009","Campos dos Goytacazes (RJ)",2024,519011
"3301009","Campos dos Goytacazes (RJ)",2025,519259
"3301108","Cantagalo (RJ)",2015,19759
"3301108","Cantagalo (RJ)",2016,19727
"3301108","Cantagalo (RJ)",2017,19697
"3301108","Cantagalo (RJ)",2018,20177
"3301108","Cantagalo (RJ)",2019,20172
"3301108","Cantagalo (RJ)",2020,20168
"3301108","Cantagalo (RJ)",2021,20163
"3301108","Cantagalo (RJ)",2024,19996
"3301108","Cantagalo (RJ)",2025,19995
"3301157","Cardoso Moreira (RJ)",2015,12558
"3301157","Cardoso Moreira (RJ)",2016,12538
"3301157","Cardoso Moreira (RJ)",2017,12519
"3301157","Cardoso Moreira (RJ)",2018,12826
"3301157","Cardoso Moreira (RJ)",2019,12823
"3301157","Cardoso Moreira (RJ)",2020,12821
"3301157","Cardoso Moreira (RJ)",2021,12818
"3301157","Cardoso Moreira (RJ)",2024,13403
"3301157","Cardoso Moreira (RJ)",2025,13407
"3301207","Carmo (RJ)",2015,18200
"3301207","Carmo (RJ)",2016,18322
"3301207","Carmo (RJ)",2017,18264
"3301207","Carmo (RJ)",2018,18755
"3301207","Carmo (RJ)",2019,18895
"3301207","Carmo (RJ)",2020,19030
"3301207","Carmo (RJ)",2021,19161
"3301207","Carmo (RJ)",2024,17740
"3301207","Carmo (RJ)",2025,17741
"3301306","Casimiro de Abreu (RJ)",2015,40305
"3301306","Casimiro de Abreu (RJ)",2016,41167
"3301306","Casimiro de Abreu (RJ)",2017,41999
"3301306","Casimiro de Abreu (RJ)",2018,43295
"3301306","Casimiro de Abreu (RJ)",2019,44184
"3301306","Casimiro de Abreu (RJ)",2020,45041
"3301306","Casimiro de Abreu (RJ)",2021,45864
"3301306","Casimiro de Abreu (RJ)",2024,48563
"3301306","Casimiro de Abreu (RJ)",2025,48636
"3301405","Conceição de Macabu (RJ)",2015,22163
"3301405","Conceição de Macabu (RJ)",2016,22315
"3301405","Conceição de Macabu (RJ)",2017,22461
"3301405","Conceição de Macabu (RJ)",2018,23064
"3301405","Conceição de Macabu (RJ)",2019,23228
"3301405","Conceição de Macabu (RJ)",2020,23398
"3301405","Conceição de Macabu (RJ)",2021,23561
"3301405","Conceição de Macabu (RJ)",2024,21769
"3301405","Conceição de Macabu (RJ)",2025,21770
"3301504","Cordeiro (RJ)",2015,21063
"3301504","Cordeiro (RJ)",2016,21158
"3301504","Cordeiro (RJ)",2017,21250
"3301504","Cordeiro (RJ)",2018,21806
"3301504","Cordeiro (RJ)",2019,21926
"3301504","Cordeiro (RJ)",2020,22041
"3301504","Cordeiro (RJ)",2021,22152
"3301504","Cordeiro (RJ)",2024,21444
"3301504","Cordeiro (RJ)",2025,21448
"3301603","Duas Barras (RJ)",2015,11121
"3301603","Duas Barras (RJ)",2016,11145
"3301603","Duas Barras (RJ)",2017,11169
"3301603","Duas Barras (RJ)",2018,11454
"3301603","Duas Barras (RJ)",2019,11492
"3301603","Duas Barras (RJ)",2020,11528
"3301603","Duas Barras (RJ)",2021,11563
"3301603","Duas Barras (RJ)",2024,11354
"3301603","Duas Barras (RJ)",2025,11355
"3301702","Duque de Caxias (RJ)",2015,882729
"3301702","Duque de Caxias (RJ)",2016,886917
"3301702","Duque de Caxias (RJ)",2017,890997
"3301702","Duque de Caxias (RJ)",2018,914383
"3301702","Duque de Caxias (RJ)",2019,919596
"3301702","Duque de Caxias (RJ)",2020,924624
"3301702","Duque de Caxias (RJ)",2021,929449
"3301702","Duque de Caxias (RJ)",2024,866347
"3301702","Duque de Caxias (RJ)",2025,866225
"3301801","Engenheiro Paulo de Frontin (RJ)",2015,13626
"3301801","Engenheiro Paulo de Frontin (RJ)",2016,13521
"3301801","Engenheiro Paulo de Frontin (RJ)",2017,13576
"3301801","Engenheiro Paulo de Frontin (RJ)",2018,13929
"3301801","Engenheiro Paulo de Frontin (RJ)",2019,14002
"3301801","Engenheiro Paulo de Frontin (RJ)",2020,14071
"3301801","Engenheiro Paulo de Frontin (RJ)",2021,14138
"3301801","Engenheiro Paulo de Frontin (RJ)",2024,12648
"3301801","Engenheiro Paulo de Frontin (RJ)",2025,12644
"3301850","Guapimirim (RJ)",2015,56515
"3301850","Guapimirim (RJ)",2016,57105
"3301850","Guapimirim (RJ)",2017,57921
"3301850","Guapimirim (RJ)",2018,59613
"3301850","Guapimirim (RJ)",2019,60517
"3301850","Guapimirim (RJ)",2020,61388
"3301850","Guapimirim (RJ)",2021,62225
"3301850","Guapimirim (RJ)",2024,54300
"3301850","Guapimirim (RJ)",2025,54311
"3301876","Iguaba Grande (RJ)",2015,25901
"3301876","Iguaba Grande (RJ)",2016,26430
"3301876","Iguaba Grande (RJ)",2017,26936
"3301876","Iguaba Grande (RJ)",2018,27762
"3301876","Iguaba Grande (RJ)",2019,28310
"3301876","Iguaba Grande (RJ)",2020,28837
"3301876","Iguaba Grande (RJ)",2021,29344
"3301876","Iguaba Grande (RJ)",2024,29577
"3301876","Iguaba Grande (RJ)",2025,29616
"3301900","Itaboraí (RJ)",2015,229007
"3301900","Itaboraí (RJ)",2016,230786
"3301900","Itaboraí (RJ)",2017,232394
"3301900","Itaboraí (RJ)",2018,238695
"3301900","Itaboraí (RJ)",2019,240592
"3301900","Itaboraí (RJ)",2020,242543
"3301900","Itaboraí (RJ)",2021,244416
"3301900","Itaboraí (RJ)",2024,240040
"3301900","Itaboraí (RJ)",2025,240127
"3302007","Itaguaí (RJ)",2015,119143
"3302007","Itaguaí (RJ)",2016,120855
"3302007","Itaguaí (RJ)",2017,122369
"3302007","Itaguaí (RJ)",2018,125913
"3302007","Itaguaí (RJ)",2019,133019
"3302007","Itaguaí (RJ)",2020,134819
"3302007","Itaguaí (RJ)",2021,136547
"3302007","Itaguaí (RJ)",2024,123980
"3302007","Itaguaí (RJ)",2025,124021
"3302056","Italva (RJ)",2015,14569
"3302056","Italva (RJ)",2016,14647
"3302056","Italva (RJ)",2017,14723
"3302056","Italva (RJ)",2018,15113
"3302056","Italva (RJ)",2019,15207
"3302056","Italva (RJ)",2020,15299
"3302056","Italva (RJ)",2021,15387
"3302056","Italva (RJ)",2024,14517
"3302056","Italva (RJ)",2025,14518
"3302106","Itaocara (RJ)",2015,22779
"3302106","Itaocara (RJ)",2016,22736
"3302106","Itaocara (RJ)",2017,22694
"3302106","Itaocara (RJ)",2018,23247
"3302106","Itaocara (RJ)",2019,23234
"3302106","Itaocara (RJ)",2020,23222
"3302106","Itaocara (RJ)",2021,23211
"3302106","Itaocara (RJ)",2024,23643
"3302106","Itaocara (RJ)",2025,23645
"3302205","Itaperuna (RJ)",2015,99021
"3302205","Itaperuna (RJ)",2016,99504
"3302205","Itaperuna (RJ)",2017,99997
"3302205","Itaperuna (RJ)",2018,102626
"3302205","Itaperuna (RJ)",2019,103224
"3302205","Itaperuna (RJ)",2020,103800
"3302205","Itaperuna (RJ)",2021,104354
"3302205","Itaperuna (RJ)",2024,107246
"3302205","Itaperuna (RJ)",2025,107297
"3302254","Itatiaia (RJ)",2015,30240
"3302254","Itatiaia (RJ)",2016,30475
"3302254","Itatiaia (RJ)",2017,30703
"3302254","Itatiaia (RJ)",2018,31537
"3302254","Itatiaia (RJ)",2019,31805
"3302254","Itatiaia (RJ)",2020,32064
"3302254","Itatiaia (RJ)",2021,32312
"3302254","Itatiaia (RJ)",2024,32694
"3302254","Itatiaia (RJ)",2025,32713
"3302270","Japeri (RJ)",2015,99863
"3302270","Japeri (RJ)",2016,100562
"3302270","Japeri (RJ)",2017,101237
"3302270","Japeri (RJ)",2018,103960
"3302270","Japeri (RJ)",2019,104768
"3302270","Japeri (RJ)",2020,105548
"3302270","Japeri (RJ)",2021,106296
"3302270","Japeri (RJ)",2024,102149
"3302270","Japeri (RJ)",2025,102171
"3302304","Laje do Muriaé (RJ)",2015,7298
"3302304","Laje do Muriaé (RJ)",2016,7257
"3302304","Laje do Muriaé (RJ)",2017,7217
"3302304","Laje do Muriaé (RJ)",2018,7386
"3302304","Laje do Muriaé (RJ)",2019,7355
"3302304","Laje do Muriaé (RJ)",2020,7326
"3302304","Laje do Muriaé (RJ)",2021,7298
"3302304","Laje do Muriaé (RJ)",2024,7584
"3302304","Laje do Muriaé (RJ)",2025,7584
"3302403","Macaé (RJ)",2015,234628
"3302403","Macaé (RJ)",2016,239471
"3302403","Macaé (RJ)",2017,244139
"3302403","Macaé (RJ)",2018,251631
"3302403","Macaé (RJ)",2019,256672
"3302403","Macaé (RJ)",2020,261501
"3302403","Macaé (RJ)",2021,266136
"3302403","Macaé (RJ)",2024,264138
"3302403","Macaé (RJ)",2025,264439
"3302452","Macuco (RJ)",2015,5398
"3302452","Macuco (RJ)",2016,5417
"3302452","Macuco (RJ)",2017,5434
"3302452","Macuco (RJ)",2018,5574
"3302452","Macuco (RJ)",2019,5599
"3302452","Macuco (RJ)",2020,5623
"3302452","Macuco (RJ)",2021,5646
"3302452","Macuco (RJ)",2024,5601
"3302452","Macuco (RJ)",2025,5602
"3302502","Magé (RJ)",2015,234809
"3302502","Magé (RJ)",2016,236319
"3302502","Magé (RJ)",2017,237420
"3302502","Magé (RJ)",2018,243657
"3302502","Magé (RJ)",2019,245071
"3302502","Magé (RJ)",2020,246433
"3302502","Magé (RJ)",2021,247741
"3302502","Magé (RJ)",2024,244092
"3302502","Magé (RJ)",2025,244142
"3302601","Mangaratiba (RJ)",2015,40779
"3302601","Mangaratiba (RJ)",2016,41557
"3302601","Mangaratiba (RJ)",2017,42415
"3302601","Mangaratiba (RJ)",2018,43689
"3302601","Mangaratiba (RJ)",2019,44468
"3302601","Mangaratiba (RJ)",2020,45220
"3302601","Mangaratiba (RJ)",2021,45941
"3302601","Mangaratiba (RJ)",2024,43624
"3302601","Mangaratiba (RJ)",2025,43660
"3302700","Maricá (RJ)",2015,146549
"3302700","Maricá (RJ)",2016,149876
"3302700","Maricá (RJ)",2017,153008
"3302700","Maricá (RJ)",2018,157789
"3302700","Maricá (RJ)",2019,161207
"3302700","Maricá (RJ)",2020,164504
"3302700","Maricá (RJ)",2021,167668
"3302700","Maricá (RJ)",2024,211986
"3302700","Maricá (RJ)",2025,212470
"3302809","Mendes (RJ)",2015,18099
"3302809","Mendes (RJ)",2016,18111
"3302809","Mendes (RJ)",2017,18123
"3302809","Mendes (RJ)",2018,18578
"3302809","Mendes (RJ)",2019,18614
"3302809","Mendes (RJ)",2020,18648
"3302809","Mendes (RJ)",2021,18681
"3302809","Mendes (RJ)",2024,18049
"3302809","Mendes (RJ)",2025,18048
"3302858","Mesquita (RJ)",2015,170751
"3302858","Mesquita (RJ)",2016,171020
"3302858","Mesquita (RJ)",2017,171280
"3302858","Mesquita (RJ)",2018,175620
"3302858","Mesquita (RJ)",2019,176103
"3302858","Mesquita (RJ)",2020,176569
"3302858","Mesquita (RJ)",2021,177016
"3302858","Mesquita (RJ)",2024,178803
"3302858","Mesquita (RJ)",2025,178830
"3302908","Miguel Pereira (RJ)",2015,24842
"3302908","Miguel Pereira (RJ)",2016,24855
"3302908","Miguel Pereira (RJ)",2017,24871
"3302908","Miguel Pereira (RJ)",2018,25493
"3302908","Miguel Pereira (RJ)",2019,25538
"3302908","Miguel Pereira (RJ)",2020,25581
"3302908","Miguel Pereira (RJ)",2021,25622
"3302908","Miguel Pereira (RJ)",2024,28123
"3302908","Miguel Pereira (RJ)",2025,28142
"3303005","Miracema (RJ)",2015,26665
"3303005","Miracema (RJ)",2016,26607
"3303005","Miracema (RJ)",2017,26551
"3303005","Miracema (RJ)",2018,27195
"3303005","Miracema (RJ)",2019,27174
"3303005","Miracema (RJ)",2020,27154
"3303005","Miracema (RJ)",2021,27134
"3303005","Miracema (RJ)",2024,28411
"3303005","Miracema (RJ)",2025,28416
"3303104","Natividade (RJ)",2015,15013
"3303104","Natividade (RJ)",2016,14986
"3303104","Natividade (RJ)",2017,14960
"3303104","Natividade (RJ)",2018,15324
"3303104","Natividade (RJ)",2019,15317
"3303104","Natividade (RJ)",2020,15311
"3303104","Natividade (RJ)",2021,15305
"3303104","Natividade (RJ)",2024,15550
"3303104","Natividade (RJ)",2025,15551
"3303203","Nilópolis (RJ)",2015,158309
"3303203","Nilópolis (RJ)",2016,158319
"3303203","Nilópolis (RJ)",2017,158329
"3303203","Nilópolis (RJ)",2018,162269
"3303203","Nilópolis (RJ)",2019,162485
"3303203","Nilópolis (RJ)",2020,162693
"3303203","Nilópolis (RJ)",2021,162893
"3303203","Nilópolis (RJ)",2024,155544
"3303203","Nilópolis (RJ)",2025,155500
"3303302","Niterói (RJ)",2015,496696
"3303302","Niterói (RJ)",2016,497883
"3303302","Niterói (RJ)",2017,499028
"3303302","Niterói (RJ)",2018,511786
"3303302","Niterói (RJ)",2019,513584
"3303302","Niterói (RJ)",2020,515317
"3303302","Niterói (RJ)",2021,516981
"3303302","Niterói (RJ)",2024,516720
"3303302","Niterói (RJ)",2025,516787
"3303401","Nova Friburgo (RJ)",2015,184786
"3303401","Nova Friburgo (RJ)",2016,185102
"3303401","Nova Friburgo (RJ)",2017,185381
"3303401","Nova Friburgo (RJ)",2018,190084
"3303401","Nova Friburgo (RJ)",2019,190631
"3303401","Nova Friburgo (RJ)",2020,191158
"3303401","Nova Friburgo (RJ)",2021,191664
"3303401","Nova Friburgo (RJ)",2024,203328
"3303401","Nova Friburgo (RJ)",2025,203417
"3303500","Nova Iguaçu (RJ)",2015,807492
"3303500","Nova Iguaçu (RJ)",2016,797435
"3303500","Nova Iguaçu (RJ)",2017,798647
"3303500","Nova Iguaçu (RJ)",2018,818875
"3303500","Nova Iguaçu (RJ)",2019,821128
"3303500","Nova Iguaçu (RJ)",2020,823302
"3303500","Nova Iguaçu (RJ)",2021,825388
"3303500","Nova Iguaçu (RJ)",2024,843046
"3303500","Nova Iguaçu (RJ)",2025,843220
"3303609","Paracambi (RJ)",2015,49521
"3303609","Paracambi (RJ)",2016,50071
"3303609","Paracambi (RJ)",2017,50447
"3303609","Paracambi (RJ)",2018,51815
"3303609","Paracambi (RJ)",2019,52257
"3303609","Paracambi (RJ)",2020,52683
"3303609","Paracambi (RJ)",2021,53093
"3303609","Paracambi (RJ)",2024,43656
"3303609","Paracambi (RJ)",2025,43627
"3303708","Paraíba do Sul (RJ)",2015,42356
"3303708","Paraíba do Sul (RJ)",2016,42737
"3303708","Paraíba do Sul (RJ)",2017,42922
"3303708","Paraíba do Sul (RJ)",2018,44045
"3303708","Paraíba do Sul (RJ)",2019,44285
"3303708","Paraíba do Sul (RJ)",2020,44518
"3303708","Paraíba do Sul (RJ)",2021,44741
"3303708","Paraíba do Sul (RJ)",2024,44467
"3303708","Paraíba do Sul (RJ)",2025,44479
"3303807","Paraty (RJ)",2015,40478
"3303807","Paraty (RJ)",2016,40975
"3303807","Paraty (RJ)",2017,41454
"3303807","Paraty (RJ)",2018,42630
"3303807","Paraty (RJ)",2019,43165
"3303807","Paraty (RJ)",2020,43680
"3303807","Paraty (RJ)",2021,44175
"3303807","Paraty (RJ)",2024,47614
"3303807","Paraty (RJ)",2025,47668
"3303856","Paty do Alferes (RJ)",2015,26818
"3303856","Paty do Alferes (RJ)",2016,26939
"3303856","Paty do Alferes (RJ)",2017,26991
"3303856","Paty do Alferes (RJ)",2018,27678
"3303856","Paty do Alferes (RJ)",2019,27769
"3303856","Paty do Alferes (RJ)",2020,27858
"3303856","Paty do Alferes (RJ)",2021,27942
"3303856","Paty do Alferes (RJ)",2024,31345
"3303856","Paty do Alferes (RJ)",2025,31370
"3303906","Petrópolis (RJ)",2015,298142
"3303906","Petrópolis (RJ)",2016,298158
"3303906","Petrópolis (RJ)",2017,298235
"3303906","Petrópolis (RJ)",2018,305687
"3303906","Petrópolis (RJ)",2019,306191
"3303906","Petrópolis (RJ)",2020,306678
"3303906","Petrópolis (RJ)",2021,307144
"3303906","Petrópolis (RJ)",2024,294983
"3303906","Petrópolis (RJ)",2025,294926
"3303955","Pinheiral (RJ)",2015,23887
"3303955","Pinheiral (RJ)",2016,24076
"3303955","Pinheiral (RJ)",2017,24282
"3303955","Pinheiral (RJ)",2018,24941
"3303955","Pinheiral (RJ)",2019,25156
"3303955","Pinheiral (RJ)",2020,25364
"3303955","Pinheiral (RJ)",2021,25563
"3303955","Pinheiral (RJ)",2024,25085
"3303955","Pinheiral (RJ)",2025,25096
"3304003","Piraí (RJ)",2015,27838
"3304003","Piraí (RJ)",2016,28088
"3304003","Piraí (RJ)",2017,28222
"3304003","Piraí (RJ)",2018,28999
"3304003","Piraí (RJ)",2019,29277
"3304003","Piraí (RJ)",2020,29545
"3304003","Piraí (RJ)",2021,29802
"3304003","Piraí (RJ)",2024,29054
"3304003","Piraí (RJ)",2025,29066
"3304102","Porciúncula (RJ)",2015,18059
"3304102","Porciúncula (RJ)",2016,18156
"3304102","Porciúncula (RJ)",2017,18248
"3304102","Porciúncula (RJ)",2018,18730
"3304102","Porciúncula (RJ)",2019,18847
"3304102","Porciúncula (RJ)",2020,18960
"3304102","Porciúncula (RJ)",2021,19068
"3304102","Porciúncula (RJ)",2024,17832
"3304102","Porciúncula (RJ)",2025,17832
"3304110","Porto Real (RJ)",2015,18266
"3304110","Porto Real (RJ)",2016,18552
"3304110","Porto Real (RJ)",2017,18829
"3304110","Porto Real (RJ)",2018,19381
"3304110","Porto Real (RJ)",2019,19683
"3304110","Porto Real (RJ)",2020,19974
"3304110","Porto Real (RJ)",2021,20254
"3304110","Porto Real (RJ)",2024,21064
"3304110","Porto Real (RJ)",2025,21089
"3304128","Quatis (RJ)",2015,13543
"3304128","Quatis (RJ)",2016,13666
"3304128","Quatis (RJ)",2017,13785
"3304128","Quatis (RJ)",2018,14165
"3304128","Quatis (RJ)",2019,14302
"3304128","Quatis (RJ)",2020,14435
"3304128","Quatis (RJ)",2021,14562
"3304128","Quatis (RJ)",2024,14158
"3304128","Quatis (RJ)",2025,14165
"3304144","Queimados (RJ)",2015,143632
"3304144","Queimados (RJ)",2016,144525
"3304144","Queimados (RJ)",2017,145386
"3304144","Queimados (RJ)",2018,149265
"3304144","Queimados (RJ)",2019,150319
"3304144","Queimados (RJ)",2020,151335
"3304144","Queimados (RJ)",2021,152311
"3304144","Queimados (RJ)",2024,149093
"3304144","Queimados (RJ)",2025,149135
"3304151","Quissamã (RJ)",2015,22700
"3304151","Quissamã (RJ)",2016,23125
"3304151","Quissamã (RJ)",2017,23535
"3304151","Quissamã (RJ)",2018,24246
"3304151","Quissamã (RJ)",2019,24700
"3304151","Quissamã (RJ)",2020,25126
"3304151","Quissamã (RJ)",2021,25535
"3304151","Quissamã (RJ)",2024,23126
"3304151","Quissamã (RJ)",2025,23142
"3304201","Resende (RJ)",2015,125214
"3304201","Resende (RJ)",2016,126084
"3304201","Resende (RJ)",2017,126923
"3304201","Resende (RJ)",2018,130334
"3304201","Resende (RJ)",2019,131341
"3304201","Resende (RJ)",2020,132312
"3304201","Resende (RJ)",2021,133244
"3304201","Resende (RJ)",2024,137612
"3304201","Resende (RJ)",2025,137697
"3304300","Rio Bonito (RJ)",2015,57615
"3304300","Rio Bonito (RJ)",2016,57963
"3304300","Rio Bonito (RJ)",2017,58272
"3304300","Rio Bonito (RJ)",2018,59814
"3304300","Rio Bonito (RJ)",2019,60201
"3304300","Rio Bonito (RJ)",2020,60573
"3304300","Rio Bonito (RJ)",2021,60930
"3304300","Rio Bonito (RJ)",2024,59113
"3304300","Rio Bonito (RJ)",2025,59126
"3304409","Rio Claro (RJ)",2015,17826
"3304409","Rio Claro (RJ)",2016,17850
"3304409","Rio Claro (RJ)",2017,17988
"3304409","Rio Claro (RJ)",2018,18451
"3304409","Rio Claro (RJ)",2019,18529
"3304409","Rio Claro (RJ)",2020,18605
"3304409","Rio Claro (RJ)",2021,18677
"3304409","Rio Claro (RJ)",2024,17950
"3304409","Rio Claro (RJ)",2025,17951
"3304508","Rio das Flores (RJ)",2015,8892
"3304508","Rio das Flores (RJ)",2016,8943
"3304508","Rio das Flores (RJ)",2017,8984
"3304508","Rio das Flores (RJ)",2018,9222
"3304508","Rio das Flores (RJ)",2019,9284
"3304508","Rio das Flores (RJ)",2020,9344
"3304508","Rio das Flores (RJ)",2021,9401
"3304508","Rio das Flores (RJ)",2024,9264
"3304508","Rio das Flores (RJ)",2025,9267
"3304524","Rio das Ostras (RJ)",2015,131976
"3304524","Rio das Ostras (RJ)",2016,136626
"3304524","Rio das Ostras (RJ)",2017,141117
"3304524","Rio das Ostras (RJ)",2018,145989
"3304524","Rio das Ostras (RJ)",2019,150674
"3304524","Rio das Ostras (RJ)",2020,155193
"3304524","Rio das Ostras (RJ)",2021,159529
"3304524","Rio das Ostras (RJ)",2024,168099
"3304524","Rio das Ostras (RJ)",2025,168455
"3304557","Rio de Janeiro (RJ)",2015,6476631
"3304557","Rio de Janeiro (RJ)",2016,6498837
"3304557","Rio de Janeiro (RJ)",2017,6520266
"3304557","Rio de Janeiro (RJ)",2018,6688927
"3304557","Rio de Janeiro (RJ)",2019,6718903
"3304557","Rio de Janeiro (RJ)",2020,6747815
"3304557","Rio de Janeiro (RJ)",2021,6775561
"3304557","Rio de Janeiro (RJ)",2024,6729894
"3304557","Rio de Janeiro (RJ)",2025,6730729
"3304607","Santa Maria Madalena (RJ)",2015,10225
"3304607","Santa Maria Madalena (RJ)",2016,10198
"3304607","Santa Maria Madalena (RJ)",2017,10172
"3304607","Santa Maria Madalena (RJ)",2018,10417
"3304607","Santa Maria Madalena (RJ)",2019,10404
"3304607","Santa Maria Madalena (RJ)",2020,10392
"3304607","Santa Maria Madalena (RJ)",2021,10380
"3304607","Santa Maria Madalena (RJ)",2024,10579
"3304607","Santa Maria Madalena (RJ)",2025,10580
"3304706","Santo Antônio de Pádua (RJ)",2015,41178
"3304706","Santo Antônio de Pádua (RJ)",2016,41246
"3304706","Santo Antônio de Pádua (RJ)",2017,41312
"3304706","Santo Antônio de Pádua (RJ)",2018,42359
"3304706","Santo Antônio de Pádua (RJ)",2019,42479
"3304706","Santo Antônio de Pádua (RJ)",2020,42594
"3304706","Santo Antônio de Pádua (RJ)",2021,42705
"3304706","Santo Antônio de Pádua (RJ)",2024,43686
"3304706","Santo Antônio de Pádua (RJ)",2025,43697
"3304755","São Francisco de Itabapoana (RJ)",2015,41291
"3304755","São Francisco de Itabapoana (RJ)",2016,41240
"3304755","São Francisco de Itabapoana (RJ)",2017,41191
"3304755","São Francisco de Itabapoana (RJ)",2018,42201
"3304755","São Francisco de Itabapoana (RJ)",2019,42205
"3304755","São Francisco de Itabapoana (RJ)",2020,42210
"3304755","São Francisco de Itabapoana (RJ)",2021,42214
"3304755","São Francisco de Itabapoana (RJ)",2024,47368
"3304755","São Francisco de Itabapoana (RJ)",2025,47397
"3304805","São Fidélis (RJ)",2015,37703
"3304805","São Fidélis (RJ)",2016,37696
"3304805","São Fidélis (RJ)",2017,37689
"3304805","São Fidélis (RJ)",2018,38626
"3304805","São Fidélis (RJ)",2019,38669
"3304805","São Fidélis (RJ)",2020,38710
"3304805","São Fidélis (RJ)",2021,38749
"3304805","São Fidélis (RJ)",2024,41197
"3304805","São Fidélis (RJ)",2025,41212
"3304904","São Gonçalo (RJ)",2015,1038081
"3304904","São Gonçalo (RJ)",2016,1044058
"3304904","São Gonçalo (RJ)",2017,1049826
"3304904","São Gonçalo (RJ)",2018,1077687
"3304904","São Gonçalo (RJ)",2019,1084839
"3304904","São Gonçalo (RJ)",2020,1091737
"3304904","São Gonçalo (RJ)",2021,1098357
"3304904","São Gonçalo (RJ)",2024,960652
"3304904","São Gonçalo (RJ)",2025,960196
"3305000","São João da Barra (RJ)",2015,34583
"3305000","São João da Barra (RJ)",2016,34884
"3305000","São João da Barra (RJ)",2017,35174
"3305000","São João da Barra (RJ)",2018,36138
"3305000","São João da Barra (RJ)",2019,36102
"3305000","São João da Barra (RJ)",2020,36423
"3305000","São João da Barra (RJ)",2021,36731
"3305000","São João da Barra (RJ)",2024,38708
"3305000","São João da Barra (RJ)",2025,38740
"3305109","São João de Meriti (RJ)",2015,460625
"3305109","São João de Meriti (RJ)",2016,460541
"3305109","São João de Meriti (RJ)",2017,460461
"3305109","São João de Meriti (RJ)",2018,471888
"3305109","São João de Meriti (RJ)",2019,472406
"3305109","São João de Meriti (RJ)",2020,472906
"3305109","São João de Meriti (RJ)",2021,473385
"3305109","São João de Meriti (RJ)",2024,466536
"3305109","São João de Meriti (RJ)",2025,466503
"3305133","São José de Ubá (RJ)",2015,7206
"3305133","São José de Ubá (RJ)",2016,7236
"3305133","São José de Ubá (RJ)",2017,6953
"3305133","São José de Ubá (RJ)",2018,7134
"3305133","São José de Ubá (RJ)",2019,7171
"3305133","São José de Ubá (RJ)",2020,7206
"3305133","São José de Ubá (RJ)",2021,7240
"3305133","São José de Ubá (RJ)",2024,7315
"3305133","São José de Ubá (RJ)",2025,7318
"3305158","São José do Vale do Rio Preto (RJ)",2015,20916
"3305158","São José do Vale do Rio Preto (RJ)",2016,21017
"3305158","São José do Vale do Rio Preto (RJ)",2017,21114
"3305158","São José do Vale do Rio Preto (RJ)",2018,21670
"3305158","São José do Vale do Rio Preto (RJ)",2019,21795
"3305158","São José do Vale do Rio Preto (RJ)",2020,21916
"3305158","São José do Vale do Rio Preto (RJ)",2021,22032
"3305158","São José do Vale do Rio Preto (RJ)",2024,22799
"3305158","São José do Vale do Rio Preto (RJ)",2025,22813
"3305208","São Pedro da Aldeia (RJ)",2015,96920
"3305208","São Pedro da Aldeia (RJ)",2016,98470
"3305208","São Pedro da Aldeia (RJ)",2017,99906
"3305208","São Pedro da Aldeia (RJ)",2018,102846
"3305208","São Pedro da Aldeia (RJ)",2019,104476
"3305208","São Pedro da Aldeia (RJ)",2020,106049
"3305208","São Pedro da Aldeia (RJ)",2021,107556
"3305208","São Pedro da Aldeia (RJ)",2024,110556
"3305208","São Pedro da Aldeia (RJ)",2025,110677
"3305307","São Sebastião do Alto (RJ)",2015,9054
"3305307","São Sebastião do Alto (RJ)",2016,9075
"3305307","São Sebastião do Alto (RJ)",2017,9094
"3305307","São Sebastião do Alto (RJ)",2018,9326
"3305307","São Sebastião do Alto (RJ)",2019,9357
"3305307","São Sebastião do Alto (RJ)",2020,9387
"3305307","São Sebastião do Alto (RJ)",2021,9416
"3305307","São Sebastião do Alto (RJ)",2024,7999
"3305307","São Sebastião do Alto (RJ)",2025,7993
"3305406","Sapucaia (RJ)",2015,17606
"3305406","Sapucaia (RJ)",2016,17604
"3305406","Sapucaia (RJ)",2017,17765
"3305406","Sapucaia (RJ)",2018,18205
"3305406","Sapucaia (RJ)",2019,18228
"3305406","Sapucaia (RJ)",2020,18249
"3305406","Sapucaia (RJ)",2021,18270
"3305406","Sapucaia (RJ)",2024,18289
"3305406","Sapucaia (RJ)",2025,18291
"3305505","Saquarema (RJ)",2015,82359
"3305505","Saquarema (RJ)",2016,83750
"3305505","Saquarema (RJ)",2017,85175
"3305505","Saquarema (RJ)",2018,87704
"3305505","Saquarema (RJ)",2019,89170
"3305505","Saquarema (RJ)",2020,90583
"3305505","Saquarema (RJ)",2021,91938
"3305505","Saquarema (RJ)",2024,95201
"3305505","Saquarema (RJ)",2025,95315
"3305554","Seropédica (RJ)",2015,82892
"3305554","Seropédica (RJ)",2016,83667
"3305554","Seropédica (RJ)",2017,84416
"3305554","Seropédica (RJ)",2018,86743
"3305554","Seropédica (RJ)",2019,82312
"3305554","Seropédica (RJ)",2020,83092
"3305554","Seropédica (RJ)",2021,83841
"3305554","Seropédica (RJ)",2024,84737
"3305554","Seropédica (RJ)",2025,84794
"3305604","Silva Jardim (RJ)",2015,21307
"3305604","Silva Jardim (RJ)",2016,21279
"3305604","Silva Jardim (RJ)",2017,21253
"3305604","Silva Jardim (RJ)",2018,21773
"3305604","Silva Jardim (RJ)",2019,21774
"3305604","Silva Jardim (RJ)",2020,21774
"3305604","Silva Jardim (RJ)",2021,21775
"3305604","Silva Jardim (RJ)",2024,22026
"3305604","Silva Jardim (RJ)",2025,22028
"3305703","Sumidouro (RJ)",2015,15127
"3305703","Sumidouro (RJ)",2016,15153
"3305703","Sumidouro (RJ)",2017,15191
"3305703","Sumidouro (RJ)",2018,15577
"3305703","Sumidouro (RJ)",2019,15623
"3305703","Sumidouro (RJ)",2020,15667
"3305703","Sumidouro (RJ)",2021,15709
"3305703","Sumidouro (RJ)",2024,15690
"3305703","Sumidouro (RJ)",2025,15693
"3305752","Tanguá (RJ)",2015,32426
"3305752","Tanguá (RJ)",2016,32703
"3305752","Tanguá (RJ)",2017,32970
"3305752","Tanguá (RJ)",2018,33870
"3305752","Tanguá (RJ)",2019,34309
"3305752","Tanguá (RJ)",2020,34610
"3305752","Tanguá (RJ)",2021,34898
"3305752","Tanguá (RJ)",2024,32858
"3305752","Tanguá (RJ)",2025,32865
"3305802","Teresópolis (RJ)",2015,173060
"3305802","Teresópolis (RJ)",2016,174587
"3305802","Teresópolis (RJ)",2017,176060
"3305802","Teresópolis (RJ)",2018,180886
"3305802","Teresópolis (RJ)",2019,182594
"3305802","Teresópolis (RJ)",2020,184240
"3305802","Teresópolis (RJ)",2021,185820
"3305802","Teresópolis (RJ)",2024,176692
"3305802","Teresópolis (RJ)",2025,176735
"3305901","Trajano de Moraes (RJ)",2015,10350
"3305901","Trajano de Moraes (RJ)",2016,10351
"3305901","Trajano de Moraes (RJ)",2017,10352
"3305901","Trajano de Moraes (RJ)",2018,10611
"3305901","Trajano de Moraes (RJ)",2019,10626
"3305901","Trajano de Moraes (RJ)",2020,10640
"3305901","Trajano de Moraes (RJ)",2021,10653
"3305901","Trajano de Moraes (RJ)",2024,10652
"3305901","Trajano de Moraes (RJ)",2025,10654
"3306008","Três Rios (RJ)",2015,79264
"3306008","Três Rios (RJ)",2016,79230
"3306008","Três Rios (RJ)",2017,79402
"3306008","Três Rios (RJ)",2018,81453
"3306008","Três Rios (RJ)",2019,81804
"3306008","Três Rios (RJ)",2020,82142
"3306008","Três Rios (RJ)",2021,82468
"3306008","Três Rios (RJ)",2024,82300
"3306008","Três Rios (RJ)",2025,82319
"3306107","Valença (RJ)",2015,73725
"3306107","Valença (RJ)",2016,73997
"3306107","Valença (RJ)",2017,74237
"3306107","Valença (RJ)",2018,76163
"3306107","Valença (RJ)",2019,76523
"3306107","Valença (RJ)",2020,76869
"3306107","Valença (RJ)",2021,77202
"3306107","Valença (RJ)",2024,71462
"3306107","Valença (RJ)",2025,71449
"3306156","Varre-Sai (RJ)",2015,10402
"3306156","Varre-Sai (RJ)",2016,10500
"3306156","Varre-Sai (RJ)",2017,10597
"3306156","Varre-Sai (RJ)",2018,10890
"3306156","Varre-Sai (RJ)",2019,11000
"3306156","Varre-Sai (RJ)",2020,11106
"3306156","Varre-Sai (RJ)",2021,11208
"3306156","Varre-Sai (RJ)",2024,10559
"3306156","Varre-Sai (RJ)",2025,10563
"3306206","Vassouras (RJ)",2015,35432
"3306206","Vassouras (RJ)",2016,35622
"3306206","Vassouras (RJ)",2017,35768
"3306206","Vassouras (RJ)",2018,36702
"3306206","Vassouras (RJ)",2019,36896
"3306206","Vassouras (RJ)",2020,37083
"3306206","Vassouras (RJ)",2021,37262
"3306206","Vassouras (RJ)",2024,35904
"3306206","Vassouras (RJ)",2025,35907
"3306305","Volta Redonda (RJ)",2015,262970
"3306305","Volta Redonda (RJ)",2016,263659
"3306305","Volta Redonda (RJ)",2017,265201
"3306305","Volta Redonda (RJ)",2018,271998
"3306305","Volta Redonda (RJ)",2019,273012
"3306305","Volta Redonda (RJ)",2020,273988
"3306305","Volta Redonda (RJ)",2021,274925
"3306305","Volta Redonda (RJ)",2024,279898
"3306305","Volta Redonda (RJ)",2025,279971
"Fonte: IBGE - Estimativas de População","",NA,NA
"Notas","",NA,NA
"Em 2003:
O contingente populacional estimado para o Município de Caraíbas, no Estado da Bahia foi reduzido em 5.006 habitantes, devido ao processo de sindicância recentemente encerrado que apurou sobre enumeração ocorrida quando da realização do Censo Demográfico 2000.

Em 2004:","",NA,NA
"1 - O contingente populacional estimado para o Município de Caraíbas, no Estado da Bahia foi reduzido em 5.006 habitantes, devido ao processo de sindicância recentemente encerrado que apurou sobre enumeração ocorrida quando da realização do Censo Demográfico 2000.","",NA,NA
"2 - Inclusive 4 municípios com instalação prevista para 1º de janeiro de 2005: Aroeiras do Itaim (PI), Figueirão (MS), Ipiranga do Norte (MT) e Itanhangá (MT).

Em 2008:
Inclusive o Município de Nazária - PI, com previsão de instalação em 1º de janeiro de 2009.

Em 2009:
Por determinação judicial e para efeito de distribuição do Fundo de Participação dos Municípios, a população do Município de Uruará-PA é de 59.881 habitantes. Processo Judicial nº 2008.39.03.000085-6.

Em 2011:","",NA,NA
"1 - A população do Brasil difere em 2.791 pessoas (192.379.287 pessoas) em relação àquela divulgada no D.O.U em 31/08/2011 (192.376.496 pessoas) em decorrência do critério de arredondamento para números inteiros, a ser adotado a partir deste ano.","",NA,NA
"2 - O Município de Santarém-PB, código 13653, passou a ser denominado oficialmente de Joca Claudino-PB a partir de 23/11/2010, por força de Lei Municipal nº 049/2010.","",NA,NA
"3 - o Município de Campo de Santana-PB, código 16409, passou a ser denominado oficialmente de Tacima-PB a partir de 30/12/2009, por força de Lei Complementar nº 016/2009.

Em 2012:","",NA,NA
"1 - Por determinação judicial e para efeito de distribuição do Fundo de Participação dos Municípios, a população do Município de Brasil Novo-PA é de 17.960 habitantes. Processo Judicial nº 1-28.2012.4.01.3903.","",NA,NA
"2 - Por determinação judicial e para efeito de distribuição do Fundo de Participação dos Municípios, a população do Município de Jacareacanga-PA é de 41.487 habitantes. Processo Judicial nº 798-41.2011.4.01.3902, Seção Judiciária de Itaituba-PA.","",NA,NA
"3 - Municípios instalados em 1º de janeiro de 2013.

Em 2013:
Por determinação judicial e para efeito de distribuição do Fundo de Participação dos Municípios, a população do Município de Jacareacanga-PA é de 41.487 habitantes. Processo Judicial nº 798-41.2011 4.01.3902 Seção Judiciária de Itaituba-PA.

Em 2014:","",NA,NA
"1 - Por determinação judicial e para efeito de distribuição do Fundo de Participação dos Municípios, a população do Município de Jacareacanga-PA é de 41.487 habitantes. Processo Judicial nº 798-41.2011.4.01.3902, Seção Judiciária de Itaituba-PA.","",NA,NA
"2 - Por determinação judicial o Município de Coronel João Sá - BA teve os efeitos das estimativas das populações de 2014, 2015 e 2016 suspensas, passando a vigorar, para efeito de distribuição do Fundo de Participação dos Municípios, a população estimada para o ano de 2013, que foi de 17.422 habitantes. Processo Judicial nº 0002222-53.2017.4.01.3306 - Vara Única de Paulo Afonso-BA.

Em 2015:","",NA,NA
"1 - Por determinação judicial, o Município de Porto Velho-RO teve suspensos os resultados do CENSO IBGE 2015, devendo-se utilizar como válidos, até futura decisão em contrário, a população estimada para 2014, que foi de 494.013 habitantes. Processo Judicial nº 12316-40.2016.4.01.4100 - Seção Judiciária de Rondônia.","",NA,NA
"2 - Por determinação judicial e para efeito de distribuição do Fundo de Participação dos Municípios, a população do Município de Jacareacanga-PA é de 41.487 habitantes. Processo Judicial nº 798-41.2011.4.01.3902, Seção Judiciária de Itaituba-PA.","",NA,NA
"3 - Por determinação judicial o município de Coronel João Sá - BA teve os efeitos das estimativas das populações de 2014, 2015 e 2016 suspensas, passando a vigorar, para efeito de distribuição do Fundo de Participação dos Municípios, a população estimada para o ano de 2013, que foi de 17.422 habitantes. Processo Judicial nº 0002222-53.2017.4.01.3306 - Vara Única de Paulo Afonso-BA.","",NA,NA
"4 - Por determinação judicial e para efeito no Fundo de Participação dos Municípios, a população em 2015 para os os Municípios de Euclides da Cunha (BA) e Quijingue (BA), são de 61.228 e 28.093 habitantes, respectivamente. Processo Judicial nº 0000130-39.2016.4.01.3306 - Subseção Judiciária de Paulo Afonso-BA.","",NA,NA
"5 - Por determinação judicial e para efeito no Fundo de Participação dos Municípios, a população em 2015 para o Município Presidente Jânio Quadros é de 13.586 habitantes. Processo Judicial nº 63603-42.2015.4.01.3400, Seção Judiciária do Distrito Federal, 15ª Vara Federal.

Em 2016:","",NA,NA
"1 - Por determinação judicial, o Município de Porto Velho-RO teve suspensos os resultados do CENSO IBGE 2015, devendo-se utilizar como válidos, até futura decisão em contrário, a população estimada para 2014, que foi de 494.013 habitantes. Processo Judicial nº 12316-40.2016.4.01.4100 - Seção Judiciária de Rondônia.","",NA,NA
"2 - Por determinação judicial e para efeito de distribuição do Fundo de Participação dos Municípios, a população do Município de Jacareacanga-PA é de 41.487 habitantes. Processo Judicial nº 798-41.2011.4.01.3902, Seção Judiciária de Itaituba-PA.","",NA,NA
"3 - Por determinação judicial o Município de Coronel João Sá - BA teve os efeitos das estimativas das populações de 2014, 2015 e 2016 suspensas, passando a vigorar, para efeito de distribuição do Fundo de Participação dos Municípios, a população estimada para o ano de 2013, que foi de 17.422 habitantes. Processo Judicial nº 0002222-53.2017.4.01.3306 - Vara Única de Paulo Afonso-BA.","",NA,NA
"4 - Por determinação judicial, os municípios de Livramento e Taperoá, do estado da Paraíba, tiveram seus limites territoriais alterados passando a vigorar, para efeitos de distribuição do Fundo de Participação dos Municípios, as populações de 7.248 e 15.316 habitantes, respectivamente. Processo Judicial nº 0000301-96.2006.4.05.8200 - Tribunal de Justiça da Paraíba.

Em 2017:
","",NA,NA
"1 - População judicial do município de Porto Velho-RO: 494.013 habitantes. Processo Judicial nº 12316-40.2016.4.01.4100 - Seção Judiciária de Rondônia.
","",NA,NA
"2 - População judicial do município de Santa Isabel do Rio Negro-AM: entre 23.773 e 30.564 habitantes. Parecer de Força Executória nº 00007/2017/NUCOB-GEAC/PFAM/PGF/AGU, em trâmite na 3ª VF/AM.
","",NA,NA
"3 - População judicial do município de Urucará-AM: entre 16.981 e 23.772 habitantes. Parecer de Força Executória nº 00004/2017/NUCOB-GEAC/PFAM/PGF/AGU, em trâmite na 3ª VF/AM.
","",NA,NA
"4 - População judicial do município de Jacareacanga-PA: 41.487 habitantes. Processo Judicial nº 798-41.2011.4.01.3902, Seção Judiciária de Itaituba-PA.
","",NA,NA
"5 - População judicial do município de Paço do Lumiar - MA: superior a 156.216 habitantes. Processo Judicial nº13916-98.2017.4.01.3700 - Seção Judiciária do Maranhão- MA.
","",NA,NA
"6 - População judicial do município Livramento-PB: 7.262 habitantes. Processo Judicial nº 0000301-96.2006.4.05.8200 - Tribunal de Justiça da Paraíba - PB.
","",NA,NA
"7 - População judicial do município de Taperoá-PB: 15.400 habitantes. Processo Judicial nº 0000301-96.2006.4.05.8200 - Tribunal de Justiça da Paraíba - PB.
","",NA,NA
"8 - População judicial do município Coronel João Sá-BA: 17.422 habitantes. Processo Judicial nº 0002222-53.2017.4.01.3306 - Vara Única de Paulo Afonso-BA.
","",NA,NA
"9 - População judicial do município Ibiassucê-BA: entre 10.189 e 13.584 habitantes. Processo Judicial  nº 1018608-53.2017.4.01.3400  (14ª VARA FEDERAL CÍVEL DA SJDF).","",NA,NA
"10 - População judicial do Município de Ribeirão do Pinhal-PR: 13.601 habitantes. Processo Judicial nº 5001464-05.2018.4.04.7013 – Tribunal Regional Federal da 4ª Região.","",NA,NA
"11 - População judicial do município de Terra Nova do Norte - MT: entre 10.189 e 13.584 habitantes. Processo Judicial nº1000023-86.2018.4.01.3603 (1ª Vara Federal Cível e Criminal da SSJ de Sinop-MT).

De 2013 a 2017:
As diferenças entre as populações das Unidades da Federação obtidas da soma das estimativas municipais e aquelas projetadas nas Projeções de População, Brasil e Unidades da Federação, Revisão 2013, devem-se à alteração de limites territoriais ocorridas entre os estados, após o Censo Demográfico 2010.

Em 2018:
1 - População judicial do município de Porto Velho-RO: 494.013 habitantes. Processo Judicial nº 12316-40.2016.4.01.4100 - Seção Judiciária de Rondônia.","",NA,NA
"2 - População judicial do município de Santa Isabel do Rio Negro-AM: entre 23.773 e 30.564 habitantes. Parecer de Força Executória nº 00007/2017/NUCOB-GEAC/PFAM/PGF/AGU, em trâmite na 3ª VF/AM.","",NA,NA
"3 - População judicial do município de Urucará-AM: entre 16.981 e 23.772 habitantes. Parecer de Força Executória nº 00004/2017/NUCOB-GEAC/PFAM/PGF/AGU, em trâmite na 3ª VF/AM.","",NA,NA
"4 - População judicial do município de Jacareacanga-PA: 41.487 habitantes. Processo Judicial nº 798-41.2011.4.01.3902, Seção Judiciária de Itaituba-PA.","",NA,NA
"5 - População judicial do município de Paço do Lumiar - MA: superior a 156.216 habitantes. Processo Judicial nº13916-98.2017.4.01.3700 - Seção Judiciária do Maranhão- MA.","",NA,NA
"6 - População judicial do município Livramento-PB: 7.248 habitantes. Processo Judicial nº 0000301-96.2006.4.05.8200 - Tribunal de Justiça da Paraíba - PB.","",NA,NA
"7 - População judicial do município de Taperoá-PB: 15.308 habitantes. Processo Judicial nº 0000301-96.2006.4.05.8200 - Tribunal de Justiça da Paraíba - PB.","",NA,NA
"8 - População judicial do município Coronel João Sá-BA: 17.422 habitantes. Processo Judicial nº 0002222-53.2017.4.01.3306 - Vara Única de Paulo Afonso-BA.","",NA,NA
"9 - População judicial do município Ibiassucê-BA: entre 10.189 e 13.584 habitantes. Processo Judicial  nº 1018608-53.2017.4.01.3400  (14ª VARA FEDERAL CÍVEL DA SJDF).","",NA,NA
"10 - População judicial do município de Amargosa - BA: entre 37.357 e 44.148. Processo Judicial  nº 1022005-86.2018.4.01.3400- (5ª VF/SJDF).","",NA,NA
"11 - Os municípios de Acarape-CE, Aracoiaba-CE e Barreira-CE tiveram as alterações de seus limites territoriais processadas em 30/10/2018, em virtude da suspensão em 28/06/2018, pelo Tribunal de Justiça do Ceará, da Ação de Inconstitucionalidade (Processo 0621205-04.2017.8.06000 de 21/02/2017) da Lei 16.198 de 29/12/2016.","",NA,NA
"12 - População judicial do município de Heliópolis - BA: entre 13.585 e 16.980. Processo Judicial nº 1000198-98.2018.4.01.3306 (Subseção Judiciária de Paulo Afonso-BA).","",NA,NA
"13 - População judicial do município de Souto Soares - BA: entre 16.981 e 23.772. Processo Judicial nº005709-76.2018.4.01.3312 (1ª Vara  de Irecê).","",NA,NA
"14 - População judicial do Município de Ribeirão do Pinhal-PR: 13.601 habitantes. Processo Judicial nº 5001464-05.2018.4.04.7013 – Tribunal Regional Federal da 4ª Região.","",NA,NA
"15 - População judicial do município de Santa Tereza do Oeste - PR: 10.471 habitantes. Processo Judicial nº 5012452-12.2018.4.04.7005 (Seção Judiciária do Paraná - Plantão JFPR).","",NA,NA
"16 - População judicial do município de Terra Nova do Norte - MT: entre10189 e 13584 habitantes. Processo Judicial nº 1000001-91.2019.4.01.3603 (2ª Vara federal Cível e Criminal da SSJ de Sinop-MT).","",NA,NA
"17 - População judicial do município de Rodelas - BA: entre 10.189 a 13.584 habitantes. Processo Judicial nº 1002950-09.2019.4.01.3306 (Procuradoria Federal no Estado da Bahia, Núcleo Finalístico Ambiental).

Em 2019:
1 - População judicial do município de Porto Velho-RO: 494.013 habitantes. Processo Judicial nº 12316-40.2016.4.01.4100 - Seção Judiciária de Rondônia.","",NA,NA
"2 - População judicial do município de Santa Isabel do Rio Negro-AM: entre 23.773 e 30.564 habitantes. Parecer de Força Executória nº 00007/2017/NUCOB-GEAC/PFAM/PGF/AGU, em trâmite na 3ª VF/AM.","",NA,NA
"3 - População judicial do município de Urucará-AM: entre 16.981 e 23.772 habitantes. Parecer de Força Executória nº 00004/2017/NUCOB-GEAC/PFAM/PGF/AGU, em trâmite na 3ª VF/AM.","",NA,NA
"4 - População judicial do município de Jacareacanga-PA: 41.487 habitantes. Processo Judicial nº 798-41.2011.4.01.3902, Seção Judiciária de Itaituba-PA.","",NA,NA
"5 - População judicial do município de Paço do Lumiar - MA: superior a 156.216 habitantes. Processo Judicial nº13916-98.2017.4.01.3700 - Seção Judiciária do Maranhão- MA.","",NA,NA
"6 - População judicial do município de Ferreiros - PE: entre 13.585 e 16.980 habitantes. Processo Judicial nº 0805921-61.2019.4.05.0000 (1ª Turma do Tribunal Regional Federal da 5ª Região).","",NA,NA
"7 - População judicial do município de Amargosa - BA: entre 37.357 e 44.148. Processo Judicial nº 1022005-86.2018.4.01.3400- (5ª VF/SJDF).","",NA,NA
"8 - População judicial do município Coronel João Sá-BA: 17.422 habitantes. Processo Judicial nº 0002222-53.2017.4.01.3306 - Vara Única de Paulo Afonso-BA.","",NA,NA
"9 - População judicial do município Ibiassucê-BA: entre 10.189 e 13.584 habitantes. Processo Judicial nº 1018608-53.2017.4.01.3400 (14ª VARA FEDERAL CÍVEL DA SJDF).","",NA,NA
"10 - População judicial do município de Rodelas - BA: entre 10.189 a 13.584 habitantes. Processo Judicial nº 1002950-09.2019.4.01.3306 (Procuradoria Federal no Estado da Bahia, Núcleo Finalístico Ambiental).","",NA,NA
"11 - População judicial do município de Souto Soares - BA: entre 16.981 e 23.772. Processo Judicial nº005709-76.2018.4.01.3312 (1ª Vara de Irecê).","",NA,NA
"12 - População judicial do Município de Ribeirão do Pinhal-PR: 13.601 habitantes. Processo Judicial nº 5001464-05.2018.4.04.7013 – Tribunal Regional Federal da 4ª Região.","",NA,NA
"13 - População judicial do município de Santa Tereza do Oeste - PR: 10.471 habitantes. Processo Judicial nº 5012452-12.2018.4.04.7005 (Seção Judiciária do Paraná - Plantão JFPR).

Em 2020:
1 - População judicial do município de Porto Velho-RO: 494.013 habitantes. Processo Judicial nº 12316-40.2016.4.01.4100 - Seção Judiciária de Rondônia.","",NA,NA
"2 - População judicial do município de Santa Isabel do Rio Negro-AM: entre 23.773 e 30.564 habitantes. Parecer de Força Executória nº 00007/2017/NUCOB-GEAC/PFAM/PGF/AGU, em trâmite na 3ª VF/AM.","",NA,NA
"3 - População judicial do município de Urucará-AM: entre 16.981 e 23.772 habitantes. Parecer de Força Executória nº 00004/2017/NUCOB-GEAC/PFAM/PGF/AGU, em trâmite na 3ª VF/AM.","",NA,NA
"4 - População judicial do município de Jacareacanga-PA: 41.487 habitantes. Processo Judicial nº 798-41.2011.4.01.3902, Seção Judiciária de Itaituba-PA.","",NA,NA
"5 - População judicial do município de Paço do Lumiar - MA: superior a 156.216 habitantes. Processo Judicial nº13916-98.2017.4.01.3700 - Seção Judiciária do Maranhão- MA.","",NA,NA
"6 - População judicial do município de Ferreiros - PE: entre 13.585 e 16.980 habitantes. Processo Judicial nº 0805921-61.2019.4.05.0000 (1ª Turma do Tribunal Regional Federal da 5ª Região).","",NA,NA
"7 - População judicial do município Coronel João Sá-BA: 17.422 habitantes. Processo Judicial nº 0002222-53.2017.4.01.3306 - Vara Única de Paulo Afonso-BA.","",NA,NA
"8 - População judicial do município Ibiassucê-BA: entre 10.189 e 13.584 habitantes. Processo Judicial nº 1018608-53.2017.4.01.3400 (14ª VARA FEDERAL CÍVEL DA SJDF).","",NA,NA
"9 - População judicial do município de Rodelas - BA: entre 10.189 a 13.584 habitantes. Processo Judicial nº 1002950-09.2019.4.01.3306 (Procuradoria Federal no Estado da Bahia, Núcleo Finalístico Ambiental).","",NA,NA
"10 - População judicial do município de Benjamin Constant-AM: na faixa de 44.149 habitantes. Processo Judicial nº 1000062-26.2021.4.01.3200 – 1ª VF/AM.","",NA,NA
"11 - População judicial do município de Caapiranga-AM: superior a 13.585 habitantes. Processo Judicial nº 1015062-03.2020.4.01.3200– 1ª VF/AM.","",NA,NA
"12 - População judicial do município de Guajará-AM: na faixa de 16.981 habitantes. Processo Judicial nº 1000064-93.2021.4.01.3200 - 3ª VF/AM.","",NA,NA
"13 - População judicial do município de Lábrea-AM: na faixa 50.941 habitantes. Processo Judicial nº 1000066-63.2021.4.01.3200– 3ª VF/AM.","",NA,NA
"14 - População judicial do município de Parintins-AM: na faixa de 115.465 habitantes. Processo Judicial nº 1022483-44.2020.4.01.3200 – 3ª VF/AM.","",NA,NA
"15 - População judicial do município de Tabatinga-AM: na faixa de 71.317 habitantes. Processo Judicial nº 1000065-78.2021.4.01.3200 – 3ª VF/AM.","",NA,NA
"16 - População judicial do município de Urucurituba-AM: na faixa de 23.773 a 30.594 habitantes. Processo Judicial nº 1000061-41.2021.4.01.3200 - 3ª VF/AM.","",NA,NA
"17 - População judicial do Município de Ribeirão do Pinhal-PR: 13.601 habitantes. Processo Judicial nº 5001464-05.2018.4.04.7013 – Tribunal Regional Federal da 4ª Região.

Em 2021:
1 - População judicial do município de Porto Velho-RO: 494.013 habitantes. Processo Judicial nº 12316-40.2016.4.01.4100 - Seção Judiciária de Rondônia.","",NA,NA
"2 - População judicial do município de Benjamin Constant-AM: na faixa de 44.149 habitantes. Processo Judicial nº 1000062-26.2021.4.01.3200 – 1ª VF/AM.","",NA,NA
"3 - População judicial do município de Caapiranga-AM: entre 16.981 e 23.772 habitantes. Processo Judicial nº 1004596-76.2022.4.01.3200 – Seção Judiciária do Amazonas.","",NA,NA
"4 - População judicial do município de Guajará-AM: na faixa de 16.981 habitantes. Processo Judicial nº 1000064-93.2021.4.01.3200 - 3ª VF/AM.","",NA,NA
"5 - População judicial do município de Lábrea-AM: na faixa 50.941 habitantes. Processo Judicial nº 1000066-63.2021.4.01.3200 – 3ª VF/AM.","",NA,NA
"6 - População judicial do município de Parintins-AM: na faixa de 115.465 habitantes. Processo Judicial nº 1022483-44.2020.4.01.3200 – 3ª VF/AM.","",NA,NA
"7 - População judicial do município de Santa Isabel do Rio Negro-AM: entre 30.565 a 37.356 habitantes. Processo Judicial nº 1004576-85.2022.4.01.3200 - Seção Judiciária do Amazonas.","",NA,NA
"8 - População judicial do município de Tabatinga-AM: na faixa de 71.317 habitantes. Processo Judicial nº 1000065-78.2021.4.01.3200 – 3ª VF/AM.","",NA,NA
"9 - População judicial do município de Urucará-AM: entre 16.981 e 23.772 habitantes. Processo Judicial nº 1000067-53.2018.4.01.3200 - 3ª VF/AM.","",NA,NA
"10 - População judicial do município de Urucurituba-AM: na faixa de 23.773 a 30.594 habitantes. Processo Judicial nº 1000061-41.2021.4.01.3200 - 3ª VF/AM.","",NA,NA
"11 - População judicial do município de Jacareacanga-PA: 41.487 habitantes. Processo Judicial nº 798-41.2011.4.01.3902, Seção Judiciária de Itaituba-PA.","",NA,NA
"12 - População judicial do município de Paço do Lumiar - MA: superior a 156.216 habitantes. Processo Judicial nº13916-98.2017.4.01.3700 - Seção Judiciária do Maranhão- MA.","",NA,NA
"13 - População judicial do município de Ferreiros - PE: entre 13.585 e 16.980 habitantes. Processo Judicial nº 0805921-61.2019.4.05.0000 (1ª Turma do Tribunal Regional Federal da 5ª Região).","",NA,NA
"14 - População judicial do município Coronel João Sá-BA: 17.422 habitantes. Processo Judicial nº 0002222-53.2017.4.01.3306 - Vara Única de Paulo Afonso-BA.","",NA,NA
"15 - População judicial do município Ibiassucê-BA: entre 10.189 e 13.584 habitantes. Processo Judicial nº 1018608-53.2017.4.01.3400 (14ª VARA FEDERAL CÍVEL DA SJDF).","",NA,NA
"16 - População judicial do município de Rodelas - BA: entre 10.189 a 13.584 habitantes. Processo Judicial nº 1002950-09.2019.4.01.3306 (Procuradoria Federal no Estado da Bahia, Núcleo Finalístico Ambiental).","",NA,NA
"17 - População judicial do município de Alvarães-AM: entre 16.981 a 23.772 habitantes. Processo Judicial nº 1000162-44.2022.4.01.3200 - Seção Judiciária do Amazonas.","",NA,NA
"18 - População judicial do município de Humaitá-AM: entre 61.129 a 71.316 habitantes. Processo Judicial nº 1000169-36.2022.4.01.3200 - Seção Judiciária do Amazonas.","",NA,NA
"19 - População judicial do município de Itapiranga-AM: entre 10.189 a 13.584 habitantes. Processo Judicial nº 1000175-43.2022.4.01.3200 - Seção Judiciária do Amazonas.","",NA,NA
"20 - População judicial do município de Jutaí-AM: entre 23.773 a 30.564 habitantes. Processo Judicial nº 1000146-90.2022.4.01.3200 - Seção Judiciária do Amazonas.","",NA,NA
"21 - População judicial do município de Pauini-AM: entre 30.565 e 37.356 habitantes. Processo Judicial nº: 1011469-92.2022.4.01.3200 - 1ª Vara Federal Cível da SJAM.","",NA,NA
"22 - População judicial do município de Itamarati-AM: entre 10.189 a 13.584 habitantes. Processo Judicial nº 1001303-98.2022.4.01.3200 - Seção Judiciária do Amazonas.","",NA,NA
"23 - População judicial do município de Barcelos-AM: entre 37.357 e 44.148 habitantes. Processo Judicial nº 1009427-70.2022.4.01.3200 – 3ª Vara Federal Cível da Seção Judiciária do Amazonas.","",NA,NA
"24 - População judicial do Município de Planaltina (GO): 117.852 habitantes. Processo Judicial nº 1001382-32.2022.4.01.3506 – Vara Federal Cível e Criminal da SSJ de Formosa-GO.","",NA,NA
"25 - População judicial do Município de Novo Airão-AM: entre 23.773 a 30.564 habitantes. Processo Judicial nº 1013686-11.2022.4.01.3200 – 9ª Vara Federal Cível da SJAM.","",NA,NA
"26 - População judicial do Município de Borba-AM: entre 44.149 e 50.940 habitantes. Processo Judicial nº 1011935-86.2022.4.01.3200 – 9ª Vara Federal Cível da SJAM.","",NA,NA
"27 - População judicial do Município de Manacapuru-AM: 169.041 habitantes. Processo Judicial nº 1011348-64.2022.4.01.3200 – 3ª Vara Federal Cível da SJAM.","",NA,NA
"28 - População judicial do Município de Ribeirão do Pinhal-PR: 13.601 habitantes. Processo Judicial nº 5001464-05.2018.4.04.7013 – Tribunal Regional Federal da 4ª Região.","",NA,NA
"29 - População judicial do município de Fonte Boa-AM: entre 23.773 a 30.564 habitantes. Processo Judicial nº 1000164-14.2022.4.01.3200 - Seção Judiciária do Amazonas.","",NA,NA
"30 - População judicial do município de Itacoatiara-AM: acima de 156.216 habitantes. Processo Judicial nº 1017372-40.2024.4.01.3200 - 1ª Vara Federal Cível da SJAM.

De 2018 a 2021:
As diferenças entre as populações das Unidades da Federação obtidas da soma das estimativas municipais e aquelas projetadas nas Projeções de População, Brasil e Unidades da Federação, Revisão 2018, devem-se à alteração de limites territoriais ocorridas entre os estados, após o Censo Demográfico 2010.

 
Em 2024:","",NA,NA
"1 - População judicial do município de Porto Velho-RO: 494.013 habitantes. Processo Judicial nº 12316- 40.2016.4.01.4100 - Seção Judiciária de Rondônia.","",NA,NA
"2 - População judicial do município de Alvarães-AM: entre 16.981 a 23.772 habitantes. Processo Judicial nº 1000162-44.2022.4.01.3200 - Seção Judiciária do Amazonas.","",NA,NA
"3 - População judicial do município de Barcelos-AM: entre 37.357 e 44.148 habitantes. Processo Judicial nº 1009427-70.2022.4.01.3200 - 3ª Vara Federal Cível da Seção Judiciária do Amazonas.","",NA,NA
"4 - População judicial do município de Benjamin Constant-AM: na faixa de 44.149 habitantes. Processo Judicial nº 1000062-26.2021.4.01.3200 – 1ª VF/AM.","",NA,NA
"5 - População judicial do município de Boca do Acre - AM: entre 37.357 e 44.148 habitantes. Processo Judicial nº 1017493-05.2023.4.01.3200 - 1ª Vara Federal Cível da Seção Judiciária do Amazonas.","",NA,NA
"6 - População judicial do município de Caapiranga-AM: entre 23.773 a 30.564 habitantes. Processo Judicial nº 1038478-92.2023.4.01.3200 - 9ª Vara Federal Cível da Seção Judiciária do Amazonas.","",NA,NA
"7 - População judicial do município de Caapiranga-AM: entre 23.773 e 30.564 habitantes. Processo Judicial nº 1014720-84.2023.4.01.3200 - Seção Judiciária do Amazonas.","",NA,NA
"8 - População judicial do município de Canutama: acima de 23.773 habitantes. Processo Judicial nº 1048132-06.2023.4.01.3200 - Seção Judiciária do Amazonas. ","",NA,NA
"9 - População judicial do município de Codajás-AM: entre 37.357 e 44.148 habitantes. Processo Judicial nº 1038474-55.2023.4.01.3200 - 9ª Vara Federal Cível da Seção Judiciária do Amazonas. ","",NA,NA
"10 - População judicial do município de Eirunepé-AM: entre 44.149 e 50.940 habitantes. Processo Judicial nº 1038660-78.2023.4.01.3200 - 9ª Vara Federal Cível da Seção Judiciária do Amazonas. ","",NA,NA
"11 - População judicial do município de Fonte Boa-AM: entre 23.773 a 30.564 habitantes. Processo Judicial nº 1000164-14.2022.4.01.3200 - Seção Judiciária do Amazonas.","",NA,NA
"12 - População judicial do município de Guajará-AM: na faixa de 16.981 habitantes. Processo Judicial nº 1000064-93.2021.4.01.3200 - 3ª VF/AM 1000064-93.2021.4.01.320.","",NA,NA
"13 - População judicial do município de Humaitá-AM: entre 91.693 e 101.880 habitantes. Processo Judicial nº 1004095-88.2023.4.01.3200 - 1ª Vara Federal da Seção Judiciária do Amazonas.","",NA,NA
"14 - População judicial do município de Humaitá-AM: entre 91.693 e 101.880 habitantes. Processo Judicial nº 1038689-31.2023.4.01.3200 - 9ª Vara Federal da Seção Judiciária do Amazonas.","",NA,NA
"15 - População judicial do município de Itacoatiara - AM: acima de 156.216 habitantes. Processo Judicial nº 1017372-40.2024.4.01.3200 - 1ª Vara Federal da Seção Judiciária do Amazonas.","",NA,NA
"16 - População judicial do município de Itamarati-AM: entre 10.189 a 13.584 habitantes. Processo Judicial nº 1006765-02.2023.4.01.3200. 3ª Vara Federal Cível da Seção Judiciária do Amazonas..","",NA,NA
"17 - População judicial do município de Itapiranga-AM: entre 10.189 a 13.584 habitantes. Processo Judicial nº 1000175-43.2022.4.01.3200 - Seção Judiciária do Amazonas. Estimativa ano 2022","",NA,NA
"18 - População judicial do município de Juruá-AM: entre 23.773 a 30.564 habitantes. Processo Judicial nº 1036625-48.2023.4.01.3200 - Seção Judiciária do Amazonas. ","",NA,NA
"19 - População judicial do município de Jutaí-AM: entre 23.773 a 30.564 habitantes. Processo Judicial nº 1000146-90.2022.4.01.3200 - Seção Judiciária do Amazonas.","",NA,NA
"20 - População judicial do município de Lábrea-AM: na faixa 50.941 habitantes. Processo Judicial nº 1000066- 63.2021.4.01.3200 – 3ª VF/AM.","",NA,NA
"21 - População judicial do município de Manacapuru-AM: 169.041 habitantes. Processo Judicial nº 1011348- 64.2022.4.01.3200 - 3ª Vara Federal Cível da SJAM.","",NA,NA
"22 - População judicial do município de Manaquiri-AM: 44.149 habitantes - Processo Judicial: nº 1000808-83.2024.4.01.3200 - 1ª Vara Federal Cível da Seção Judiciária do Amazonas.","",NA,NA
"23 - População judicial do município de Nhamunda -AM: na faixa de 37.357 a 44.148 - Processo Judicial: nº 1006040-76.2024.4.01.3200 - Procuradoria Regional Federal 1ª Região Equipe Inter-Regional de Matéria Regulatória da 1ª e 6ª Regiões.","",NA,NA
"24 - População judicial do Município de Novo Airão-AM: entre 23.773 a 30.564 habitantes. Processo Judicial nº 1013686-11.2022.4.01.3200 – 9ª Vara Federal Cível da Seção.","",NA,NA
"25 - População judicial do município de Parintins-AM: na faixa de 115.465 habitantes. Processo Judicial nº 1022483-44.2020.4.01.3200 - 3ª VF/AM.","",NA,NA
"26 - População judicial do município de Pauini-AM: entre 30.565 e 37.356 habitantes. Processo Judicial nº: 1011469-92.2022.4.01.3200 - 1ª Vara Federal Cível da SJAM.","",NA,NA
"27 - População judicial do município de Rio Preto da Eva-AM: 53.819 habitantes. Processo Judicial nº 1028591-84.2023.4.01.3200 - 3ª Vara Federal Cível da Seção Judiciária do Amazonas.","",NA,NA
"28 - População judicial do município de Santa Isabel do Rio Negro-AM: entre 37.357 a 44.148 habitantes. Processo Judicial nº 1037102-71.2023.4.01.3200 - 3ª Vara Federal Cível da SJAM. ","",NA,NA
"29 - População judicial do município de Santo Antônio do Içá-AM: acima de 44.149 habitantes. Processo Judicial nº 1000239-82.2024.4.01.3200 - 3ª Vara Federal Cível da Seção Judiciária.","",NA,NA
"30 - População judicial do município de Santo Antônio do Içá-AM: 44.000 habitantes. Processo Judicial nº 1048094-91.2023.4.01.3200 - 3ª Vara Federal Cível da Seção Judiciária do Amazonas e processo: 1000239-82.2024.4.01.3200 (nup : 03606.000134/2023-02 e nup:03606.000010/2024-08).","",NA,NA
"31 - População judicial do município de São Sebastião do Uatumã - AM: entre 23.773 e 30.564 habitantes. Processo Judicial nº 1018673-56.2023.4.01.3200-1ª Vara Federal Cível da Seção Judiciária do Amazonas. E processo: 1038383-62.2023.4.01.3200.","",NA,NA
"32 - População judicial do município de Uarini: acima de 23.773 habitantes. Processo Judicial nº 1048092-24.2023.4.01.3200 - Seção Judiciária do Amazonas.","",NA,NA
"33 - População judicial do município de Urucará-AM: 30.625 habitantes. Processo Judicial nº 1008620-79.2024.4.01.3200 3ª Vara Federal Cível da SJAM.","",NA,NA
"34 - População judicial do município de Urucurituba-AM: na faixa de 23.773 a 30.594 habitantes. Processo Judicial nº 1000061-41.2021.4.01.3200 - 3ª VF/AM - 0001787.00000002/2021-53.


Em 2025:","",NA,NA
"1 - População judicial do município de Alvarães-AM: 30.565 habitantes. Processo Judicial nº1024023-54.2025.4.01.3200 - 9ª Vara Federal da Seção Judiciária do Amazonas.","",NA,NA
"2 - População judicial do município de Amaturá-AM: 16.981 habitantes. Processo Judicial nº 1046072-26.2024.4.01.3200 - 09ª Vara Federal Cível da Seção Judiciária do Amazonas.","",NA,NA
"3 - População judicial do município de Apuí-AM: 30.565 habitantes. Processo Judicial nº 1022687-15.2025.4.01.3200 - 03ª Vara Federal Cível da Seção Judiciária do Amazonas.","",NA,NA
"4 - População judicial do município de Barcelos-AM: entre 37.357 e 44.148 habitantes. Processo Judicial nº 1009427-70.2022.4.01.3200 - 03ª Vara Federal Cível da Seção Judiciária do Amazonas.","",NA,NA
"5 - População judicial do município de Benjamin Constant-AM: na faixa de 44.149 habitantes. Processo Judicial nº 1000062-26.2021.4.01.3200 – 1ª Vara Federal Cível da Seção Judiciária do Amazonas.","",NA,NA
"6 - População judicial do município de Canutama-AM: 23.773 habitantes. Processo Judicial nº 1048132-06.2023.4.01.3200 - Plantão Judicial da Seção Judiciária do Amazonas.","",NA,NA
"7 - População judicial do município de Careiro-AM: 50.941 habitantes. Processo Judicial nº 1048133-88.2023.4.01.3200 - 03ª Vara Federal Cível da Seção Judiciária do Amazonas.","",NA,NA
"8 - População judicial do município de Careiro da Várzea-AM: 44.149 habitantes. Processo Judicial nº 1046095-69.2024.4.01.3200 – 3ª Vara Federal Cível da Seção Judiciária do Amazonas.","",NA,NA
"9 - População judicial do Município de Codajás-AM: entre 37.357 a 44.148 habitantes. Processo Judicial nº 1038474-55.2023.4.01.3200 – 9ª Vara Federal Cível da Seção Judiciária do Amazonas.","",NA,NA
"10 - População judicial do município de Envira-AM: 30.565 habitantes. Processo Judicial nº 1037249-97.2023.4.01.3200 - 03ª Vara Federal Cível da Seção Judiciária do Amazonas.","",NA,NA
"11 - População judicial do município de Fonte Boa-AM: entre 23.773 a 30.564 habitantes. Processo Judicial nº 1000164-14.2022.4.01.3200 - Plantão Judicial da Seção Judiciária do Amazonas.","",NA,NA
"12 - População judicial do município de Guajará-AM: na faixa de 16.981 habitantes. Processo Judicial nº 1000064-93.2021.4.01.3200 - 03ª Vara Federal Cível da Seção Judiciária do Amazonas.","",NA,NA
"13 - População judicial do município de Itacoatiara-AM: acima de 156.216. Processo Judicial nº 1018170-35.2023.4.01.3200 - 01ª Vara Federal Cível da Seção Judiciária do Amazonas.","",NA,NA
"14 - População judicial do município de Itamarati-AM: 10.189 a 13.584 habitantes. Processo Judicial nº 1006765-02.2023.4.01.3200 - 03ª Vara Federal Cível da Seção Judiciária do Amazonas.","",NA,NA
"15 - População judicial do município de Japurá-AM: 23.773 habitantes. Processo Judicial nº 1024025-24.2025.4.01.3200 - 09ª Vara Federal Cível da Seção Judiciária do Amazonas.","",NA,NA
"16 - População judicial do município de Juruá-AM: 23.773 a 30.564. Processo Judicial nº 1036625-48.2023.4.01.3200 - Plantão Judicial da Seção Judiciária do Amazonas.","",NA,NA
"17 - População judicial do município de Manacapuru-AM: 169.041 habitantes. Processo Judicial nº 1011348-64.2022.4.01.3200 - 03ª Vara Federal Cível da Seção Judiciária do Amazonas.","",NA,NA
"18 - População judicial do município de Novo Airão-AM: 30.565 habitantes. Processo Judicial nº 1023829-25.2023.4.01.3200 - 03ª Vara Federal Cível da Seção Judiciária do Amazonas.","",NA,NA
"19 - População judicial do município de Parintins-AM: na faixa de 115.465 habitantes. Processo Judicial nº 1022483-44.2020.4.01.3200 - 03ª Vara Federal Cível da Seção Judiciária do Amazonas.","",NA,NA
"20 - População judicial do município de Rio Preto da Eva-AM: 53.819 habitantes. Processo Judicial nº 1028591-84.2023.4.01.3200 - 03ª Vara Federal Cível da Seção Judiciária do Amazonas.","",NA,NA
"21 - População judicial do município de São Gabriel da Cachoeira-AM: 81.780 habitantes. Processo Judicial nº 1023156-61.2025.4.01.3200 - 09ª Vara Federal Cível da Seção Judiciária do Amazonas.","",NA,NA
"22 - População judicial do município de São Paulo de Olivença-AM: 51.115 habitantes. Processo Judicial nº 1004788-38.2024.4.01.3200 - 01ª Vara Federal Cível da Seção Judiciária do Amazonas.","",NA,NA
"23 - População judicial do município de Tonantins-AM: 30.810 habitantes. Processo Judicial nº 1018998-94.2024.4.01.3200 - 03ª Vara Federal Cível da Seção Judiciária do Amazonas.","",NA,NA
"24 - População judicial do município de Uarini-AM: acima de 23.773 habitantes. Processo Judicial nº 1048092-24.2023.4.01.3200 - Plantão Judicial da Seção Judiciária do Amazonas.","",NA,NA
"25 - População judicial do município de Urucará-AM: 30.625 habitantes. Processo Judicial nº 1008620-79.2024.4.01.3200 - 03ª Vara Federal Cível da Seção Judiciária do Amazonas.","",NA,NA
"26 - População judicial do município de Urucurituba-AM: 37.357 habitantes. Processo Judicial nº 1046084-40.2024.4.01.3200 - 09ª Vara Federal Cível da Seção Judiciária do Amazonas.","",NA,NA
"27 - População judicial do município de Urbano Santos-MA: 53.014 habitantes. Processo Judicial nº 1059620-39.2025.4.01.3700 - 05ª Vara Federal Cível da Seção Judiciária do Maranhão.

Em 2025:Para o histórico de alterações, consulte o link https://www.ibge.gov.br/estatisticas-novoportal/sociais/populacao/9103-estimativas-de-populacao.html.
","",NA,NA
"Legenda","",NA,NA
"Símbolo","Significado",NA,NA
"-","Zero absoluto, não resultante de um cálculo ou arredondamento.
Ex: Em determinado município não existem pessoas de 14 anos de idade sem instrução.",NA,NA
"0","Zero resultante de um cálculo ou arredondamento.
Ex: A inflação do feijão em determinada Região Metropolitana foi 0.
Determinado município produziu 400 kg de sementes de girassol e os dados da tabela são expressos em toneladas.",NA,NA
"X","Valor inibido para não identificar o informante.
Ex: Determinado município só possui uma empresa produtora de cimento, logo o valor de sua produção deve ser inibido.",NA,NA
"..","Valor não se aplica.
Ex: Não se pode obter o total da produção agrícola em determinado município quando os produtos agrícolas são contabilizados com unidades de medida distintas.",NA,NA
"...","Valor não disponível.
Ex: A produção de feijão em determinado município não foi pesquisada ou determinado município não existia no ano da pesquisa.",NA,NA
"A a Z
(exceto X)","Significa uma faixa de valores. Varia em função da tabela (se for o caso).
Ex: O nível de precisão da produção estimada de combustíveis está na faixa A (95 a 100%)",NA,NA
